"AUTHOR","NAME","TYPE","SEQ","POS","REF","TRUE SEQ","Ampli-type","END","order"
"Wolfel_et_al.2009","CC1a_for","primer_for","GTGCCACTGATGATGCACAAAAGGATTCCATCT","210-242","U88410","GTGCCACTGATGATGCACAAAAGGATTCCATCT","RealTime","END",1
"Wolfel_et_al.2009","CC1b_for","primer_for","GTGCCACTGATGATGCACAAAAGGATTCTATCT","210-242","U88410","GTGCCACTGATGATGCACAAAAGGATTCTATCT","RealTime","END",1
"Wolfel_et_al.2009","CC1c_for","primer_for","GTGCCACTGATGATGCACAAAAGGACTCCATCT","210-242","U88410","GTGCCACTGATGATGCACAAAAGGACTCCATCT","RealTime","END",1
"Wolfel_et_al.2009","CC1a_rev","primer_rev","GTGTTTGCATTGACACGGAAACCTATGTC","489-461","U88410","GACATAGGTTTCCGTGTCAATGCAAACAC","RealTime","END",1
"Wolfel_et_al.2009","CC1b_rev","primer_rev","GTGTTTGCATTGACACGGAAGCCTATGTC","489-461","U88410","GACATAGGCTTCCGTGTCAATGCAAACAC","RealTime","END",1
"Wolfel_et_al.2009","CC1c_rev","primer_rev","GTGTTTGCATTGACACGGAAACCTATATC","489-461","U88410","GATATAGGTTTCCGTGTCAATGCAAACAC","RealTime","END",1
"Wolfel_et_al.2009","HF-01","probe","CAACAGGCTGCTCTCAAGTGGAG","434-456","U88410","CAACAGGCTGCTCTCAAGTGGAG","RealTime","END",1
"Wolfel_et_al.2009","CCHF-02","probe","CCAGCAGGCTGCTCTCAAGTGG","434-456","U88410","CCAGCAGGCTGCTCTCAAGTGG","RealTime","END",1
"Wolfel_et_al.2009","CCHF-03","probe","CCAACAAGCTGCCTTGAAATGG","434-456","U88410","CCAACAAGCTGCCTTGAAATGG","RealTime","END",1
"Wolfel_et_al.2009","CCHF-04","probe","CCAACAGGCTGCCTTGAAATGG","434-456","U88410","CCAACAGGCTGCCTTGAAATGG","RealTime","END",1
"Wolfel_et_al.2009","CCHF-05","probe","CCAACAGGCTGCTCTAAAGTGGAG","434-456","U88410","CCAACAGGCTGCTCTAAAGTGGAG","RealTime","END",1
"Wolfel_et_al.2009","CCHF-06","probe","CCAACAAGCTGCCTTGAAGTGG","434-456","U88410","CCAACAAGCTGCCTTGAAGTGG","RealTime","END",1
"Wolfel_et_al.2009","CCHF-07","probe","CAGCAGGCTGCTCTCAAGTGG","434-456","U88410","CAGCAGGCTGCTCTCAAGTGG","RealTime","END",1
"Wolfel_et_al.2009","CCHF-08","probe","CAGCAGGCCGCTCTCAAGTG","434-456","U88410","CAGCAGGCCGCTCTCAAGTG","RealTime","END",1
"Wolfel_et_al.2009","CCHF-09","probe","CAACAGGCTGCTCTCAAATGGAG","434-456","U88410","CAACAGGCTGCTCTCAAATGGAG","RealTime","END",1
"Wolfel_et_al.2009","CCHF-13","probe","AGCAGGCAGCCCTCAAGTGG","434-456","U88410","AGCAGGCAGCCCTCAAGTGG","RealTime","END",1
"Wolfel_et_al.2009","CCHF-16","probe","CAACAGGCTGCCTTGAAGTGGA","434-456","U88410","CAACAGGCTGCCTTGAAGTGGA","RealTime","END",1
"Wolfel_et_al.2009","CCHF-18","probe","CCAGCAGGCTGCTCTGAAGTG","434-456","U88410","CCAGCAGGCTGCTCTGAAGTG","RealTime","END",1
"Wolfel_et_al.2009","CCHF-20","probe","GCAGGCCGCCCTCAAGTG","434-456","U88410","GCAGGCCGCCCTCAAGTG","RealTime","END",1
"Midili_et_al.2007","759R","primer_rev_First_and_second_round_","GCAAGGCCTGTWGCRACAAGTGC","759-736","AY223475","GCACTTGTYGCWACAGGCCTTGC","Nested","END",2
"Midili_et_al.2007","115F","primer_for_First_round","AARGGAAATGGACTTRTGGA","115-134","AY223475","AARGGAAATGGACTTRTGGA","Nested","END",2
"Midili_et_al.2007","131F","primer_for_Second_round","TGGAYACYTTCACAAACTCC","131-152","AY223475","TGGAYACYTTCACAAACTCC","Nested","END",2
"Midili_et_al.2009","Gre-R1","primer_rev_First_round","TGCGACAAGTGCAATCCCG","751-733","U04958","CGGGATTGCACTTGTCGCA","Nested","END",3
"Midili_et_al.2009","Gre-R2","primer_rev_Second_round","ACTCCCTGCACCACTCAATG","665-646","U04958","CATTGAGTGGTGCAGGGAGT","Nested","END",3
"Midili_et_al.2009","Gre-F1","primer_for_First_round","AATGTGCCGAACTTGGACAG","170-189","U04958","AATGTGCCGAACTTGGACAG","Nested","END",3
"Midili_et_al.2009","Gre-F2","primer_for_Second_round","ATCAGATGGCCAGTGCAACC","198-217","U04958","ATCAGATGGCCAGTGCAACC","Nested","END",3
"Midili_et_al.2009_(2)","Eecf-R1","primer_rev_First_round","CTTAAGGCTGCCGTGTTTGC","356-337","AY223475","GCAAACACGGCAGCCTTAAG","Nested","END",4
"Midili_et_al.2009_(2)","Eecf-R2","primer_rev_Second_round","AAACCTATGTCCTTCCTCC","326-308","AY223475","GGAGGAAGGACATAGGTTT","Nested","END",4
"Midili_et_al.2009_(2)","Eecf-F1","primer_for_First_round","TTGTGTTCCAGATGGCCAGC","49-68","AY223475","TTGTGTTCCAGATGGCCAGC","Nested","END",4
"Midili_et_al.2009_(2)","Eecf-F2","primer_for_Second_round","GAAGCAACCAARTTCTGTGC","115-134","AY223475","GAAGCAACCAARTTCTGTGC","Nested","END",4
"Schwarz_et_al.1996","R3","primer_rev_First_round","GACAAATTCCCTGCACCA","670-653","-","TGGTGCAGGGAATTTGTC","Nested","END",5
"Schwarz_et_al.1996","F3","primer_rev_Second_round","GAATGTGCATGGGTTAGCTC","549-530","-","GAATGTGCATGGGTTAGCTC","Nested","END",5
"Schwarz_et_al.1996","F2","primer_for_First_round","TGGACACCTTCACAAACTC","135-153","-","TGGACACCTTCACAAACTC","Nested","END",5
"Schwarz_et_al.1996","R2","primer_for_Second_round","GACATCACAATTTCACCAGG","290-309","-","CCTGGTGAAATTGTGATGTC","Nested","END",5
"Deyde_et_al.2006","SF","primer_for","TCTCAAAGAAACACGTGCCGC","-","-","TCTCAAAGAAACACGTGCCGC","PCR","END",6
"Deyde_et_al.2006","SR","primer_rev","TCTCAAAGATATCGTTGCCGC","-","-","GCGGCAACGATATCTTTGAGA","PCR","END",6
"Jaaskelainen_et_al.2014","FOR","primer_for","GGACATAGGTTTCCGTGTCA","-","-","GGACATAGGTTTCCGTGTCA","RealTime","END",7
"Jaaskelainen_et_al.2014","REV-1","primer_rev","TCCTTCTAATCATGTCTGACAGC","-","-","GCTGTCAGACATGATTAGAAGGA","RealTime","END",7
"Jaaskelainen_et_al.2014","REV-2","primer_rev","TCTGACAGCATCTCTTTGACAGAC","-","-","GTCTGTCAAAGAGATGCTGTCAGA","RealTime","END",7
"Jaaskelainen_et_al.2014","probe1","probe","TGGCGAAATTGTGATGTCTG","-","-","TGGCGAAATTGTGATGTCTG","RealTime","END",7
"Jaaskelainen_et_al.2014","probe2","probe","CTTGCAGAGTACAAGGTT","-","-","CTTGCAGAGTACAAGGTT","RealTime","END",7
"Jaaskelainen_et_al.2014","probe3","probe","TRAGCAACAAAGTCCT","-","-","TRAGCAACAAAGTCCT","RealTime","END",7
"Elata_et_al.2011","CCHF1","primer_for","CTGCTCTGGTGGAGGCAACAA","-","GQ862371","CTGCTCTGGTGGAGGCAACAA","Nested","END",8
"Elata_et_al.2011","CCHFn1","primer_for","AGGTTTCCGTGTCAATGCAAA","-","GQ862371","AGGTTTCCGTGTCAATGCAAA","Nested","END",8
"Elata_et_al.2011","CCHF2","primer_rev","TGGGTTGAAGGCCATGATGTAT","-","GQ862371","ATACATCATGGCCTTCAACCCA","Nested","END",8
"Elata_et_al.2011","CCHFn2","primer_rev","TTGACAAACTCCCTGCACCAGT","-","GQ862371","ACTGGTGCAGGGAGTTTGTCAA","Nested","END",8
"Wolfel_et_al.2007","RWCF","primer_for","CAAGGGGTACCAAGAAAATGAAGAAGGC","1068-1095","U88410","CAAGGGGTACCAAGAAAATGAAGAAGGC","RealTime","END",9
"Wolfel_et_al.2007","RWCR","primer_rev","GCCACAGGGATTGTTCCAAAGCAGAC","1248-1223","U88410","GTCTGCTTTGGAACAATCCCTGTGGC","RealTime","END",9
"Wolfel_et_al.2007","SE01","probe","ATCTACATGCACCCTGCTGTGTTGACA","1172-1198","U88410","ATCTACATGCACCCTGCTGTGTTGACA","RealTime","END",9
"Wolfel_et_al.2007","SE0A","probe","AGCTTCTTCCCCCACTTCATTGGAGT","1131-1106","U88410","ACTCCAATGAAGTGGGGGAAGAAGCT","RealTime","END",9
"Garrison_et_al.2007","CCHF","primer_for","GGAGTGGTGCAGGGAATTTG","649 -668","U88410","GGAGTGGTGCAGGGAATTTG","RealTime","END",10
"Garrison_et_al.2007","CCHF","primer_rev","CAGGGCGGGTTGAAAGC","689-705","U88410","GCTTTCAACCCGCCCTG","RealTime","END",10
"Garrison_et_al.2007","CCHF","probe","CAAAGGCAAGTACATCAT","670-687","U88410","CAAAGGCAAGTACATCAT","RealTime","END",10
"Duh_et_al.2006","L1","primer_for","GCTTGGGTCAGCTCTACTGG","294-313","U88412","GCTTGGGTCAGCTCTACTGG","RealTime","END",11
"Duh_et_al.2006","D1","primer_rev","TGCATTGACACGGAAACCTA","463-482","U88412","TAGGTTTCCGTGTCAATGCA","RealTime","END",11
"Duh_et_al.2006","S1","probe","AGAAGGGGCTTGAGTGGTT","322-340","U88412","AGAAGGGGCTTGAGTGGTT","RealTime","END",11
"Yapar_et_al.2005","CCRealP1","primer_for","TCTTYGCHGATGAYTCHTTYC","-","NoRef","TCTTYGCHGATGAYTCHTTYC","RealTime","END",12
"Yapar_et_al.2005","CCRealP2","primer_rev","GGGATKGTYCCRAAGCA","-","NoRef","TGCTTYGGRACMATCCC","RealTime","END",12
"Yapar_et_al.2005","PROBE","probe","ACASRATCTAYATGCAYCCTGC","-","NoRef","ACASRATCTAYATGCAYCCTGC","RealTime","END",12
"Drosten_et_al.2002","CCS","primer_for","ATGCAGGAACCATTAARTCTTGGGA","351-375","U88413","ATGCAGGAACCATTAARTCTTGGGA","PCR","END",13
"Drosten_et_al.2002","CCAS1","primer_rev","CTAATCATATCTGACAACATTTC","579-557","U88413","GAAATGTTGTCAGATATGATTAG","PCR","END",13
"Drosten_et_al.2002","CCAS2","primer_rev","CTAATCATGTCTGACAGCATCTC","579-557","U88413","GAGATGCTGTCAGACATGATTAG","PCR","END",13
"Atkinson_et_al.2012","S1","primer_for","TCTCAAAGAAACACGTGCC","-","-","TCTCAAAGAAACACGTGCC","RealTime","END",14
"Atkinson_et_al.2012","S122","primer_rev","CCTTTTTGAACTCTTCAAACC","-","-","GGTTTGAAGAGTTCAAAAAGG","RealTime","END",14
"Atkinson_et_al.2012","probe","probe","ACTCAAGGKAACACTGTGGGCGTAAG","-","-","ACTCAAGGKAACACTGTGGGCGTAAG","RealTime","END",14
"Kamboj_et_al.2014","Forward_primer","primer_for","AGTGTTCTCTTGAGTGCTA","32-50","JX051650","AGTGTTCTCTTGAGTGCTA","RealTime","END",15
"Kamboj_et_al.2014","Reverse_primer","primer_rev","CCACAAGTCCATTTCCTT","120-137","JX051650","AAGGAAATGGACTTGTGG","RealTime","END",15
"Kamboj_et_al.2014","MB_Probe","probe","ATCTCATCTTTGTTGTTCACCTC","71-93","JX051650","ATCTCATCTTTGTTGTTCACCTC","RealTime","END",15
"Osmann_et_al.2013","LB","loop_primer_for","CTTACAGCAGGCAGAATCAGTG","1194-1215","GQ86237","CTTACAGCAGGCAGAATCAGTG","LAMP","END",16
"Osmann_et_al.2013","LF","loop_primer_rev","GAAGTGGGGGAAGAAACTTTATGA","1115-1138","GQ86237","TCATAAAGTTTCTTCCCCCACTTC","LAMP","END",16
"Osmann_et_al.2013","F3","primer_for","ACAGCCAAGAGGTACCAAGA","1064-1083","GQ86237","ACAGCCAAGAGGTACCAAGA","LAMP","END",16
"Osmann_et_al.2013","F2","primer_for","TCTGCTGAGCACCCCAAT","1097-1114","GQ86237","TCTGCTGAGCACCCCAAT","LAMP","END",16
"Osmann_et_al.2013","B1c","primer_for","ATCTACATGCACCCTGCCGTG","1173-1193","GQ86237","ATCTACATGCACCCTGCCGTG","LAMP","END",16
"Osmann_et_al.2013","B3","primer_rev","CCAACCCTGATGATGCTGC","1249-1267","GQ86237","GCAGCATCATCAGGGTTGG","LAMP","END",16
"Osmann_et_al.2013","F1c","primer_rev","TTGCCGACGATTCTTTCCAGCA","1144-1165","GQ86237","TGCTGGAAAGAATCGTCGGCAA","LAMP","END",16
"Osmann_et_al.2013","B2","primer_rev","ATGGGAGTCTGCTTTGGGA","1218-1236","GQ86237","TCCCAAAGCAGACTCCCAT","LAMP","END",16
"Negredo_et_al_2017","CrCon1+","primer_for_out","RWAAYGGRCTTRTGGAYACYTTCAC ","-","-","RWAAYGGRCTTRTGGAYACYTTCAC ","Nested","END",17
"Negredo_et_al_2017","CrCon1-","primer_rev_out","TRGCAAGRCCKGTWGCRACWAGWGC ","-","-","GCWCTWGTYGCWACMGGYCTTGCYA","Nested","END",17
"Negredo_et_al_2017","CriCon2+","primer_for_inn","ARTGGAGRAARGAYATWGGYTTYCG","-","-","ARTGGAGRAARGAYATWGGYTTYCG","Nested","END",17
"Negredo_et_al_2017","CriCon2-","primer_rev_inn","CYTTGAYRAAYTCYCTRCACCABTC","-","-","GAVTGGTGYAGRGARTTYRTCAARG","Nested","END",17
"Schneeberger_et_al_2017","Forward_primer","primer_for","GATGAGATGAACAAGTGGTTTGAAGA","-","-","GATGAGATGAACAAGTGGTTTGAAGA","RealTime","END",18
"Schneeberger_et_al_2017","Reverse_primer","primer_rev","GTAGATGGAATCCTTTTGTGCATCAT","-","-","ATGATGCACAAAAGGATTCCATCTAC","RealTime","END",18
"Bonney_et_al.2017","RPA_Fw","primer_for","GAAACACGTGCCGCTTACGCCCACAGTGTT","8-38","AY277672","GAAACACGTGCCGCTTACGCCCACAGTGTT","RealTime","END",19
"Bonney_et_al.2017","RPA_Rev","primer_rev","TAGGAGTTTGTGAAAGTGTCCATAAGTCCATT","125-158","AY277672","AATGGACTTATGGACACTTTCACAAACTCCTA","RealTime","END",19
"Bonney_et_al.2017","RPA_Probe_1","probe","CCGCTTACGCCCACAGTGTTCTCTTGAGTGTNTGCAAAATGGAAAACAAGATCG","18-72","AY277672","CCGCTTACGCCCACAGTGTTCTCTTGAGTGTNTGCAAAATGGAAAACAAGATCG","RealTime","END",19
"Pang_et_al.2014","Forward","primer_for","GCCGTTCAGGAATAGCACTTGT","726-747","U88410","GCCGTTCAGGAATAGCACTTGT","RealTime","END",20
"Pang_et_al.2014","Reverse","primer_rev","TGTTATCATGCTGTCGGCRCT","869-889","U88410","AGYGCCGACAGCATGATAACA","RealTime","END",20
"Pang_et_al.2014","Probe","probe","CAACAGGCCTTGCYAAGCTYGCAGAGAC","750-777","U88410","CAACAGGCCTTGCYAAGCTYGCAGAGAC","RealTime","END",20
"Sas_et_al.2018","CCHF-I-f","primer_for","CAAGAGGCACTAAAAAAATGAAGAAGGC","1068-1095","DQ144418","CAAGAGGCACTAAAAAAATGAAGAAGGC","RealTime","END",21
"Sas_et_al.2018","CCHF-II-f","primer_for","CAAGGGGYACCAARAAAATGAAGAAGGC","1068-1095","DQ144418","CAAGGGGYACCAARAAAATGAAGAAGGC","RealTime","END",21
"Sas_et_al.2018","CCHF-III-f","primer_for","CAAGAGGTACCAAGAAAATGAAGAAGGC","1068-1095","DQ144418","CAAGAGGTACCAAGAAAATGAAGAAGGC","RealTime","END",21
"Sas_et_al.2018","CCHF-IV-f","primer_for","CAAGGGGTACCAAGAAAATGAAGAARGC","1068-1095","DQ144418","CAAGGGGTACCAAGAAAATGAAGAARGC","RealTime","END",21
"Sas_et_al.2018","CCHF-V-f","primer_for","CAAGGGGGACCAARAAAATGAAAAAGGC","1068-1095","DQ144418","CAAGGGGGACCAARAAAATGAAAAAGGC","RealTime","END",21
"Sas_et_al.2018","CCHF-VI-f","primer_for","CAAGGGGCACCAAGAAAATGAAGAAAGC","1068-1095","DQ144418","CAAGGGGCACCAAGAAAATGAAGAAAGC","RealTime","END",21
"Sas_et_al.2018","CCHF-deg-f","primer_for","CAAGGGGKACCAAGAAAATGAARAAGGC","1068-1095","DQ144418","CAAGGGGKACCAAGAAAATGAARAAGGC","RealTime","END",21
"Sas_et_al.2018","CCHF-I-r","primer_rev","GCAACAGGGATGGTTCCAAAGCAAAC","1223-1248","DQ144418","GTTTGCTTTGGAACCATCCCTGTTGC","RealTime","END",21
"Sas_et_al.2018","CCHF-II-r","primer_rev","GCYACRGGGATGGTTCCRAAGCAGAC","1223-1248","DQ144418","GTCTGCTTYGGAACCATCCCYGTRGC","RealTime","END",21
"Sas_et_al.2018","CCHF-III-r","primer_rev","GCCACGGGGATTGTCCCAAAGCAGAC","1223-1248","DQ144418","GTCTGCTTTGGGACAATCCCCGTGGC","RealTime","END",21
"Sas_et_al.2018","CCHF-IV-r","primer_rev","GCCACAGGGATTGTTCCAAAGCAGAC","1223-1248","DQ144418","GTCTGCTTTGGAACAATCCCTGTGGC","RealTime","END",21
"Sas_et_al.2018","CCHF-V-r","primer_rev","GCAACAGGGATTGTTCCAAAGCAGAC","1223-1248","DQ144418","GTCTGCTTTGGAACAATCCCTGTTGC","RealTime","END",21
"Sas_et_al.2018","CCHF-VI-r","primer_rev","GCTACAGGAATTGTCCCAAAGCAGAC","1223-1248","DQ144418","GTCTGCTTTGGGACAATTCCTGTAGC","RealTime","END",21
"Sas_et_al.2018","CCHF-deg-r","primer_rev","GCMACAGGGATTGTYCCAAAGCAGAC","1223-1248","DQ144418","GTCTGCTTTGGRACAATCCCTGTKGC","RealTime","END",21
"Sas_et_al.2018","CCHF-probe-1","probe","ATCTACATGCACCCTGCYGTGYTGACA","1172-1198","DQ144418","ATCTACATGCACCCTGCYGTGYTGACA","RealTime","END",21
"Sas_et_al.2018","CCHF-probe-2","probe","TTCTTCCCCCACTTCATTGGRGTGCTCA","1101-1128","DQ144418","TTCTTCCCCCACTTCATTGGRGTGCTCA","RealTime","END",21
"Koehler_er_al.2018","CCHF-SF2","primer_for","GGAVTGGTGVAGGGARTTTG","-","-","GGAVTGGTGVAGGGARTTTG","RealTime","END",23
"Koehler_er_al.2018","CCHF-SR2","primer_rev","CADGGTGGRTTGAARGC","-","-","GCYTTCAAYCCACCHTG","RealTime","END",23
"Koehler_er_al.2018","CCHF-N2","probe","CAARGGCAARTACATMAT","-","-","CAARGGCAARTACATMAT","RealTime","END",23
